#,First Name,Last Name,Full Name,Baseball Reference URL
1,Jose,Abreu,Jose Abreu,https://www.baseball-reference.com/players/a/abreujo02.shtml
2,Ronald,Acuna Jr.,Ronald Acuna Jr.,https://www.baseball-reference.com/players/a/acunaro01.shtml
3,Willy,Adames,Willy Adames,https://www.baseball-reference.com/players/a/adamewi01.shtml
4,Matt,Adams,Matt Adams,https://www.baseball-reference.com/players/a/adamsma01.shtml
5,Jo,Adell,Jo Adell,https://www.baseball-reference.com/players/a/adelljo01.shtml
6,Jeremy,Affeldt,Jeremy Affeldt,https://www.baseball-reference.com/players/a/affeje01.shtml
7,Jesus,Aguilar,Jesus Aguilar,https://www.baseball-reference.com/players/a/aguilje01.shtml
8,Nick,Ahmed,Nick Ahmed,https://www.baseball-reference.com/players/a/ahmedni01.shtml
9,Matt,Albers,Matt Albers,https://www.baseball-reference.com/players/a/albema01.shtml
10,Ozzie,Albies,Ozzie Albies,https://www.baseball-reference.com/players/a/albieoz01.shtml
11,Al,Alburquerque,Al Alburquerque,https://www.baseball-reference.com/players/a/albural01.shtml
12,Sandy,Alcantara,Sandy Alcantara,https://www.baseball-reference.com/players/a/alcansa01.shtml
13,Tyler,Alexander,Tyler Alexander,https://www.baseball-reference.com/players/a/alexaty01.shtml
14,Colby,Allard,Colby Allard,https://www.baseball-reference.com/players/a/allako01.shtml
15,Cody,Allen,Cody Allen,https://www.baseball-reference.com/players/a/allenco01.shtml
16,Pete,Alonso,Pete Alonso,https://www.baseball-reference.com/players/a/alonzpe01.shtml
17,Yonder,Alonso,Yonder Alonso,https://www.baseball-reference.com/players/a/alonsyo01.shtml
18,Jose,Altuve,Jose Altuve,https://www.baseball-reference.com/players/a/altuvjo01.shtml
19,Jose,Alvarado,Jose Alvarado,https://www.baseball-reference.com/players/a/alvarjo02.shtml
20,Pedro,Alvarez,Pedro Alvarez,https://www.baseball-reference.com/players/a/alvarpe01.shtml
21,Yordan,Alvarez,Yordan Alvarez,https://www.baseball-reference.com/players/a/alvaryo01.shtml
22,Adbert,Alzolay,Adbert Alzolay,https://www.baseball-reference.com/players/a/alzolad01.shtml
23,Brett,Anderson,Brett Anderson,https://www.baseball-reference.com/players/a/anderbr04.shtml
24,Brian,Anderson,Brian Anderson,https://www.baseball-reference.com/players/a/anderbr07.shtml
25,Ian,Anderson,Ian Anderson,https://www.baseball-reference.com/players/a/anderia01.shtml
26,Nick,Anderson,Nick Anderson,https://www.baseball-reference.com/players/a/anderni01.shtml
27,Tim,Anderson,Tim Anderson,https://www.baseball-reference.com/players/a/anderti01.shtml
28,Elvis,Andrus,Elvis Andrus,https://www.baseball-reference.com/players/a/andruel01.shtml
29,Tejay,Antone,Tejay Antone,https://www.baseball-reference.com/players/a/antonte01.shtml
30,Norichika,Aoki,Norichika Aoki,https://www.baseball-reference.com/players/a/aokino01.shtml
31,Aristides,Aquino,Aristides Aquino,https://www.baseball-reference.com/players/a/aquinar01.shtml
32,Chris,Archer,Chris Archer,https://www.baseball-reference.com/players/a/archech01.shtml
33,Nolan,Arenado,Nolan Arenado,https://www.baseball-reference.com/players/a/arenano01.shtml
34,Randy,Arozarena,Randy Arozarena,https://www.baseball-reference.com/players/a/arozara01.shtml
35,Luis,Arraez,Luis Arraez,https://www.baseball-reference.com/players/a/arraelu01.shtml
36,Jake,Arrieta,Jake Arrieta,https://www.baseball-reference.com/players/a/arrieja01.shtml
37,John,Axford,John Axford,https://www.baseball-reference.com/players/a/axforjo01.shtml
38,Erick,Aybar,Erick Aybar,https://www.baseball-reference.com/players/a/aybarer01.shtml
39,Akil,Baddoo,Akil Baddoo,https://www.baseball-reference.com/players/b/baddoak01.shtml
40,Harrison,Bader,Harrison Bader,https://www.baseball-reference.com/players/b/baderha01.shtml
41,Javier,Baez,Javier Baez,https://www.baseball-reference.com/players/b/baezja01.shtml
42,Pedro,Baez,Pedro Baez,https://www.baseball-reference.com/players/b/baezpe01.shtml
43,Homer,Bailey,Homer Bailey,https://www.baseball-reference.com/players/b/baileho02.shtml
44,Grant,Balfour,Grant Balfour,https://www.baseball-reference.com/players/b/balfogr01.shtml
45,Daniel,Bard,Daniel Bard,https://www.baseball-reference.com/players/b/bardda01.shtml
46,Scott,Barlow,Scott Barlow,https://www.baseball-reference.com/players/b/barlosc01.shtml
47,Tucker,Barnhart,Tucker Barnhart,https://www.baseball-reference.com/players/b/barnhtu01.shtml
48,Anthony,Bass,Anthony Bass,https://www.baseball-reference.com/players/b/bassan01.shtml
49,Trevor,Bauer,Trevor Bauer,https://www.baseball-reference.com/players/b/bauertr01.shtml
50,Jose,Bautista,Jose Bautista,https://www.baseball-reference.com/players/b/bautijo02.shtml
51,Josh,Beckett,Josh Beckett,https://www.baseball-reference.com/players/b/beckejo02.shtml
52,Gordon,Beckham,Gordon Beckham,https://www.baseball-reference.com/players/b/beckhgo01.shtml
53,David,Bednar,David Bednar,https://www.baseball-reference.com/players/b/bednada01.shtml
54,Matt,Belisle,Matt Belisle,https://www.baseball-reference.com/players/b/belisma01.shtml
55,Josh,Bell,Josh Bell,https://www.baseball-reference.com/players/b/belljo02.shtml
56,Cody,Bellinger,Cody Bellinger,https://www.baseball-reference.com/players/b/bellico01.shtml
57,Brandon,Belt,Brandon Belt,https://www.baseball-reference.com/players/b/beltbr01.shtml
58,Carlos,Beltran,Carlos Beltran,https://www.baseball-reference.com/players/b/beltrca01.shtml
59,Adrian,Beltre,Adrian Beltre,https://www.baseball-reference.com/players/b/beltrad01.shtml
60,Andrew,Benintendi,Andrew Benintendi,https://www.baseball-reference.com/players/b/benitan01.shtml
61,Joaquin,Benoit,Joaquin Benoit,https://www.baseball-reference.com/players/b/benoijo01.shtml
62,Lance,Berkman,Lance Berkman,https://www.baseball-reference.com/players/b/berkmla01.shtml
63,Jose,Berrios,Jose Berrios,https://www.baseball-reference.com/players/b/berrijo01.shtml
64,Dellin,Betances,Dellin Betances,https://www.baseball-reference.com/players/b/betande01.shtml
65,Rafael,Betancourt,Rafael Betancourt,https://www.baseball-reference.com/players/b/betanra01.shtml
66,Chad,Bettis,Chad Bettis,https://www.baseball-reference.com/players/b/bettich01.shtml
67,Mookie,Betts,Mookie Betts,https://www.baseball-reference.com/players/b/bettsmo01.shtml
68,Bo,Bichette,Bo Bichette,https://www.baseball-reference.com/players/b/bichebo01.shtml
69,Shane,Bieber,Shane Bieber,https://www.baseball-reference.com/players/b/biebesh01.shtml
70,Cavan,Biggio,Cavan Biggio,https://www.baseball-reference.com/players/b/biggica01.shtml
71,Chad,Billingsley,Chad Billingsley,https://www.baseball-reference.com/players/b/billich01.shtml
72,Charlie,Blackmon,Charlie Blackmon,https://www.baseball-reference.com/players/b/blackch02.shtml
73,Jerry,Blevins,Jerry Blevins,https://www.baseball-reference.com/players/b/blevije01.shtml
74,Xander,Bogaerts,Xander Bogaerts,https://www.baseball-reference.com/players/b/bogaexa01.shtml
75,Brad,Boxberger,Brad Boxberger,https://www.baseball-reference.com/players/b/boxbebr01.shtml
76,Matt,Boyd,Matt Boyd,https://www.baseball-reference.com/players/b/boydma01.shtml
77,Brad,Brach,Brad Brach,https://www.baseball-reference.com/players/b/brachbr01.shtml
78,Archie,Bradley,Archie Bradley,https://www.baseball-reference.com/players/b/bradlar01.shtml
79,Jackie,Bradley Jr.,Jackie Bradley Jr.,https://www.baseball-reference.com/players/b/bradlja02.shtml
80,Michael,Brantley,Michael Brantley,https://www.baseball-reference.com/players/b/brantmi02.shtml
81,Ryan,Braun,Ryan Braun,https://www.baseball-reference.com/players/b/braunry02.shtml
82,Alex,Bregman,Alex Bregman,https://www.baseball-reference.com/players/b/bregmal01.shtml
83,Zach,Britton,Zach Britton,https://www.baseball-reference.com/players/b/brittza01.shtml
84,JT,Brubaker,JT Brubaker,https://www.baseball-reference.com/players/b/brubajt01.shtml
85,Jay,Bruce,Jay Bruce,https://www.baseball-reference.com/players/b/bruceja01.shtml
86,Vidal,Brujan,Vidal Brujan,https://www.baseball-reference.com/players/b/brujavi01.shtml
87,Kris,Bryant,Kris Bryant,https://www.baseball-reference.com/players/b/bryankr01.shtml
88,Kris,Bubic,Kris Bubic,https://www.baseball-reference.com/players/b/bubickr01.shtml
89,Clay,Buchholz,Clay Buchholz,https://www.baseball-reference.com/players/b/buchhcl01.shtml
90,Walker,Buehler,Walker Buehler,https://www.baseball-reference.com/players/b/buehlwa01.shtml
91,Mark,Buehrle,Mark Buehrle,https://www.baseball-reference.com/players/b/buehlma01.shtml
92,Madison,Bumgarner,Madison Bumgarner,https://www.baseball-reference.com/players/b/bumgama01.shtml
93,Aaron,Bummer,Aaron Bummer,https://www.baseball-reference.com/players/b/bummeaa01.shtml
94,Dylan,Bundy,Dylan Bundy,https://www.baseball-reference.com/players/b/bundydy01.shtml
95,Jake,Burger,Jake Burger,https://www.baseball-reference.com/players/b/burgeja02.shtml
96,Corbin,Burnes,Corbin Burnes,https://www.baseball-reference.com/players/b/burneco01.shtml
97,A.J.,Burnett,A.J. Burnett,https://www.baseball-reference.com/players/b/burneaj01.shtml
98,Billy,Butler,Billy Butler,https://www.baseball-reference.com/players/b/butlebi03.shtml
99,Byron,Buxton,Byron Buxton,https://www.baseball-reference.com/players/b/buxtoby01.shtml
100,Asdrubal,Cabrera,Asdrubal Cabrera,https://www.baseball-reference.com/players/c/cabreas01.shtml
101,Edward,Cabrera,Edward Cabrera,https://www.baseball-reference.com/players/c/cabred01.shtml
102,Everth,Cabrera,Everth Cabrera,https://www.baseball-reference.com/players/c/cabrevet01.shtml
103,Genesis,Cabrera,Genesis Cabrera,https://www.baseball-reference.com/players/c/cabrege02.shtml
104,Miguel,Cabrera,Miguel Cabrera,https://www.baseball-reference.com/players/c/cabremi01.shtml
105,Lorenzo,Cain,Lorenzo Cain,https://www.baseball-reference.com/players/c/cainlo01.shtml
106,Matt,Cain,Matt Cain,https://www.baseball-reference.com/players/c/cainma01.shtml
107,Jeimer,Candelario,Jeimer Candelario,https://www.baseball-reference.com/players/c/candeje01.shtml
108,Mark,Canha,Mark Canha,https://www.baseball-reference.com/players/c/canhama01.shtml
109,Griffin,Canning,Griffin Canning,https://www.baseball-reference.com/players/c/cannigr01.shtml
110,Robinson,Cano,Robinson Cano,https://www.baseball-reference.com/players/c/canoro01.shtml
111,Dylan,Carlson,Dylan Carlson,https://www.baseball-reference.com/players/c/carlsdy01.shtml
112,Matt,Carpenter,Matt Carpenter,https://www.baseball-reference.com/players/c/carpema01.shtml
113,Carlos,Carrasco,Carlos Carrasco,https://www.baseball-reference.com/players/c/carraca01.shtml
114,Andrew,Cashner,Andrew Cashner,https://www.baseball-reference.com/players/c/cashnan01.shtml
115,Santiago,Casilla,Santiago Casilla,https://www.baseball-reference.com/players/c/casissa01.shtml
116,Nick,Castellanos,Nick Castellanos,https://www.baseball-reference.com/players/c/casteni01.shtml
117,Luis,Castillo,Luis Castillo,https://www.baseball-reference.com/players/c/castilu02.shtml
118,Welington,Castillo,Welington Castillo,https://www.baseball-reference.com/players/c/castiwe01.shtml
119,Jason,Castro,Jason Castro,https://www.baseball-reference.com/players/c/castrja01.shtml
120,Starlin,Castro,Starlin Castro,https://www.baseball-reference.com/players/c/castrst01.shtml
121,Willi,Castro,Willi Castro,https://www.baseball-reference.com/players/c/castrwi01.shtml
122,Dylan,Cease,Dylan Cease,https://www.baseball-reference.com/players/c/ceasedy01.shtml
123,Brett,Cecil,Brett Cecil,https://www.baseball-reference.com/players/c/cecilbr01.shtml
124,Jhoulys,Chacin,Jhoulys Chacin,https://www.baseball-reference.com/players/c/chacijh01.shtml
125,Andrew,Chafin,Andrew Chafin,https://www.baseball-reference.com/players/c/chafian01.shtml
126,Aroldis,Chapman,Aroldis Chapman,https://www.baseball-reference.com/players/c/chapmar01.shtml
127,Matt,Chapman,Matt Chapman,https://www.baseball-reference.com/players/c/chapma01.shtml
128,Tyler,Chatwood,Tyler Chatwood,https://www.baseball-reference.com/players/c/chatwty01.shtml
129,Jesse,Chavez,Jesse Chavez,https://www.baseball-reference.com/players/c/chaveje01.shtml
130,Wei-Yin,Chen,Wei-Yin Chen,https://www.baseball-reference.com/players/c/chenwe02.shtml
131,Jazz,Chisholm,Jazz Chisholm,https://www.baseball-reference.com/players/c/chishja01.shtml
132,Ji-Man,Choi,Ji-Man Choi,https://www.baseball-reference.com/players/c/choiji01.shtml
133,Shin-Soo,Choo,Shin-Soo Choo,https://www.baseball-reference.com/players/c/choosh01.shtml
134,Adam,Cimber,Adam Cimber,https://www.baseball-reference.com/players/c/cimbead01.shtml
135,Steve,Cishek,Steve Cishek,https://www.baseball-reference.com/players/c/cishest01.shtml
136,Aaron,Civale,Aaron Civale,https://www.baseball-reference.com/players/c/civalar01.shtml
137,Emmanuel,Clase,Emmanuel Clase,https://www.baseball-reference.com/players/c/claseem01.shtml
138,Mike,Clevinger,Mike Clevinger,https://www.baseball-reference.com/players/c/clevimi01.shtml
139,Tyler,Clippard,Tyler Clippard,https://www.baseball-reference.com/players/c/clippty01.shtml
140,Alex,Cobb,Alex Cobb,https://www.baseball-reference.com/players/c/cobbal01.shtml
141,Gerrit,Cole,Gerrit Cole,https://www.baseball-reference.com/players/c/colege01.shtml
142,Alex,Colome,Alex Colome,https://www.baseball-reference.com/players/c/colomal01.shtml
143,Bartolo,Colon,Bartolo Colon,https://www.baseball-reference.com/players/c/colonba01.shtml
144,Michael,Conforto,Michael Conforto,https://www.baseball-reference.com/players/c/confomi01.shtml
145,Willson,Contreras,Willson Contreras,https://www.baseball-reference.com/players/c/contrwi01.shtml
146,Ryan,Cook,Ryan Cook,https://www.baseball-reference.com/players/c/cookry01.shtml
147,Garrett,Cooper,Garrett Cooper,https://www.baseball-reference.com/players/c/coopega01.shtml
148,Patrick,Corbin,Patrick Corbin,https://www.baseball-reference.com/players/c/corbipa01.shtml
149,Carlos,Correa,Carlos Correa,https://www.baseball-reference.com/players/c/correca01.shtml
150,Nestor,Cortes,Nestor Cortes,https://www.baseball-reference.com/players/c/cortene01.shtml
151,Jake,Cousins,Jake Cousins,https://www.baseball-reference.com/players/c/cousija01.shtml
152,Zack,Cozart,Zack Cozart,https://www.baseball-reference.com/players/c/cozarza01.shtml
153,Allen,Craig,Allen Craig,https://www.baseball-reference.com/players/c/craigal01.shtml
154,Brandon,Crawford,Brandon Crawford,https://www.baseball-reference.com/players/c/crawfbr01.shtml
155,Carl,Crawford,Carl Crawford,https://www.baseball-reference.com/players/c/crawfca02.shtml
156,J.P.,Crawford,J.P. Crawford,https://www.baseball-reference.com/players/c/crawfjp01.shtml
157,Garrett,Crochet,Garrett Crochet,https://www.baseball-reference.com/players/c/crochga01.shtml
158,C.J.,Cron,C.J. Cron,https://www.baseball-reference.com/players/c/croncj01.shtml
159,Jake,Cronenworth,Jake Cronenworth,https://www.baseball-reference.com/players/c/croneja01.shtml
160,Nelson,Cruz,Nelson Cruz,https://www.baseball-reference.com/players/c/cruzne02.shtml
161,Michael,Cuddyer,Michael Cuddyer,https://www.baseball-reference.com/players/c/cuddymi01.shtml
162,Johnny,Cueto,Johnny Cueto,https://www.baseball-reference.com/players/c/cuetojo01.shtml
163,David,Dahl,David Dahl,https://www.baseball-reference.com/players/d/dahlda01.shtml
164,Bobby,Dalbec,Bobby Dalbec,https://www.baseball-reference.com/players/d/dalbebo01.shtml
165,John,Danks,John Danks,https://www.baseball-reference.com/players/d/danksjo01.shtml
166,Travis,d'Arnaud,Travis d'Arnaud,https://www.baseball-reference.com/players/d/darnatr01.shtml
167,Yu,Darvish,Yu Darvish,https://www.baseball-reference.com/players/d/darviyu01.shtml
168,Zach,Davies,Zach Davies,https://www.baseball-reference.com/players/d/davieza01.shtml
169,Chris,Davis,Chris Davis,https://www.baseball-reference.com/players/d/davisch02.shtml
170,J.D.,Davis,J.D. Davis,https://www.baseball-reference.com/players/d/davisjd01.shtml
171,Khris,Davis,Khris Davis,https://www.baseball-reference.com/players/d/daviskh01.shtml
172,Wade,Davis,Wade Davis,https://www.baseball-reference.com/players/d/daviswa01.shtml
173,Grant,Dayton,Grant Dayton,https://www.baseball-reference.com/players/d/daytogr01.shtml
174,Jorge,De La Rosa,Jorge De La Rosa,https://www.baseball-reference.com/players/d/delarjo01.shtml
175,Jacob,deGrom,Jacob deGrom,https://www.baseball-reference.com/players/d/degroja01.shtml
176,Paul,DeJong,Paul DeJong,https://www.baseball-reference.com/players/d/dejonpa01.shtml
177,Steve,Delabar,Steve Delabar,https://www.baseball-reference.com/players/d/delabst01.shtml
178,Anthony,DeSclafani,Anthony DeSclafani,https://www.baseball-reference.com/players/d/desclan01.shtml
179,Ian,Desmond,Ian Desmond,https://www.baseball-reference.com/players/d/desmoia01.shtml
180,Chris,Devenski,Chris Devenski,https://www.baseball-reference.com/players/d/devench01.shtml
181,Rafael,Devers,Rafael Devers,https://www.baseball-reference.com/players/d/deverra01.shtml
182,Edwin,Diaz,Edwin Diaz,https://www.baseball-reference.com/players/d/diazed01.shtml
183,Yandy,Diaz,Yandy Diaz,https://www.baseball-reference.com/players/d/diazya01.shtml
184,Alex,Dickerson,Alex Dickerson,https://www.baseball-reference.com/players/d/dickeal01.shtml
185,Corey,Dickerson,Corey Dickerson,https://www.baseball-reference.com/players/d/dickeco01.shtml
186,R.A.,Dickey,R.A. Dickey,https://www.baseball-reference.com/players/d/dickera01.shtml
187,Seranthony,Dominguez,Seranthony Dominguez,https://www.baseball-reference.com/players/d/domiser01.shtml
188,Josh,Donaldson,Josh Donaldson,https://www.baseball-reference.com/players/d/donaljo02.shtml
189,Sean,Doolittle,Sean Doolittle,https://www.baseball-reference.com/players/d/doolise01.shtml
190,Camilo,Doval,Camilo Doval,https://www.baseball-reference.com/players/d/dovalca01.shtml
191,Brian,Dozier,Brian Dozier,https://www.baseball-reference.com/players/d/doziebr01.shtml
192,Hunter,Dozier,Hunter Dozier,https://www.baseball-reference.com/players/d/doziehu01.shtml
193,Lucas,Duda,Lucas Duda,https://www.baseball-reference.com/players/d/dudalu01.shtml
194,Danny,Duffy,Danny Duffy,https://www.baseball-reference.com/players/d/duffyda01.shtml
195,Adam,Dunn,Adam Dunn,https://www.baseball-reference.com/players/d/dunnad01.shtml
196,Adam,Duvall,Adam Duvall,https://www.baseball-reference.com/players/d/duvalam01.shtml
197,Jarrod,Dyson,Jarrod Dyson,https://www.baseball-reference.com/players/d/dysonja01.shtml
198,Sam,Dyson,Sam Dyson,https://www.baseball-reference.com/players/d/dysonsa01.shtml
199,Adam,Eaton,Adam Eaton,https://www.baseball-reference.com/players/e/eatonad02.shtml
200,Tommy,Edman,Tommy Edman,https://www.baseball-reference.com/players/e/edmanto01.shtml
201,Scott,Effross,Scott Effross,https://www.baseball-reference.com/players/e/effrsc01.shtml
202,Zach,Eflin,Zach Eflin,https://www.baseball-reference.com/players/e/eflinza01.shtml
203,Jacoby,Ellsbury,Jacoby Ellsbury,https://www.baseball-reference.com/players/e/ellsbja01.shtml
204,Edwin,Encarnacion,Edwin Encarnacion,https://www.baseball-reference.com/players/e/encared01.shtml
205,Adam,Engel,Adam Engel,https://www.baseball-reference.com/players/e/engelad01.shtml
206,Nathan,Eovaldi,Nathan Eovaldi,https://www.baseball-reference.com/players/e/eovalna01.shtml
207,Alcides,Escobar,Alcides Escobar,https://www.baseball-reference.com/players/e/escobal01.shtml
208,Eduardo,Escobar,Eduardo Escobar,https://www.baseball-reference.com/players/e/escobed01.shtml
209,Danny,Espinosa,Danny Espinosa,https://www.baseball-reference.com/players/e/espinda01.shtml
210,Carlos,Estevez,Carlos Estevez,https://www.baseball-reference.com/players/e/estevca01.shtml
211,Marco,Estrada,Marco Estrada,https://www.baseball-reference.com/players/e/estrama01.shtml
212,Andre,Ethier,Andre Ethier,https://www.baseball-reference.com/players/e/ethiean01.shtml
213,Pete,Fairbanks,Pete Fairbanks,https://www.baseball-reference.com/players/f/fairbpe01.shtml
214,Jeurys,Familia,Jeurys Familia,https://www.baseball-reference.com/players/f/familje01.shtml
215,Danny,Farquhar,Danny Farquhar,https://www.baseball-reference.com/players/f/farquda01.shtml
216,Erick,Fedde,Erick Fedde,https://www.baseball-reference.com/players/f/feddeer01.shtml
217,Neftali,Feliz,Neftali Feliz,https://www.baseball-reference.com/players/f/felizne01.shtml
218,Jose,Fernandez,Jose Fernandez,https://www.baseball-reference.com/players/f/fernajo02.shtml
219,Prince,Fielder,Prince Fielder,https://www.baseball-reference.com/players/f/fieldpr01.shtml
220,Mike,Fiers,Mike Fiers,https://www.baseball-reference.com/players/f/fiersmi01.shtml
221,Kyle,Finnegan,Kyle Finnegan,https://www.baseball-reference.com/players/f/finnky01.shtml
222,Doug,Fister,Doug Fister,https://www.baseball-reference.com/players/f/fistedo01.shtml
223,Jack,Flaherty,Jack Flaherty,https://www.baseball-reference.com/players/f/flaheja01.shtml
224,Josh,Fleming,Josh Fleming,https://www.baseball-reference.com/players/f/flemijo01.shtml
225,David,Fletcher,David Fletcher,https://www.baseball-reference.com/players/f/fletcda01.shtml
226,Wilmer,Flores,Wilmer Flores,https://www.baseball-reference.com/players/f/florewi01.shtml
227,Dylan,Floro,Dylan Floro,https://www.baseball-reference.com/players/f/florody01.shtml
228,Mike,Foltynewicz,Mike Foltynewicz,https://www.baseball-reference.com/players/f/foltymi01.shtml
229,Matt,Foster,Matt Foster,https://www.baseball-reference.com/players/f/fostema03.shtml
230,Dexter,Fowler,Dexter Fowler,https://www.baseball-reference.com/players/f/fowlede01.shtml
231,Ty,France,Ty France,https://www.baseball-reference.com/players/f/francty01.shtml
232,Maikel,Franco,Maikel Franco,https://www.baseball-reference.com/players/f/francma02.shtml
233,Wander,Franco,Wander Franco,https://www.baseball-reference.com/players/f/francwa01.shtml
234,Adam,Frazier,Adam Frazier,https://www.baseball-reference.com/players/f/fraziad01.shtml
235,Clint,Frazier,Clint Frazier,https://www.baseball-reference.com/players/f/frazicl01.shtml
236,Todd,Frazier,Todd Frazier,https://www.baseball-reference.com/players/f/frazito01.shtml
237,Kyle,Freeland,Kyle Freeland,https://www.baseball-reference.com/players/f/freelky01.shtml
238,Freddie,Freeman,Freddie Freeman,https://www.baseball-reference.com/players/f/freemfr01.shtml
239,David,Freese,David Freese,https://www.baseball-reference.com/players/f/freesda01.shtml
240,Max,Fried,Max Fried,https://www.baseball-reference.com/players/f/friedma01.shtml
241,Michael,Fulmer,Michael Fulmer,https://www.baseball-reference.com/players/f/fulmemi01.shtml
242,Yovani,Gallardo,Yovani Gallardo,https://www.baseball-reference.com/players/g/gallayo01.shtml
243,Giovanny,Gallegos,Giovanny Gallegos,https://www.baseball-reference.com/players/g/gallegi01.shtml
244,Zac,Gallen,Zac Gallen,https://www.baseball-reference.com/players/g/galleza01.shtml
245,Joey,Gallo,Joey Gallo,https://www.baseball-reference.com/players/g/gallojo01.shtml
246,Ben,Gamel,Ben Gamel,https://www.baseball-reference.com/players/g/gamelbe01.shtml
247,Adolis,Garcia,Adolis Garcia,https://www.baseball-reference.com/players/g/garciad03.shtml
248,Avisail,Garcia,Avisail Garcia,https://www.baseball-reference.com/players/g/garciav01.shtml
249,Leury,Garcia,Leury Garcia,https://www.baseball-reference.com/players/g/garcile02.shtml
250,Luis,Garcia,Luis Garcia,https://www.baseball-reference.com/players/g/garcilu04.shtml
251,Yimi,Garcia,Yimi Garcia,https://www.baseball-reference.com/players/g/garciyi01.shtml
252,Brett,Gardner,Brett Gardner,https://www.baseball-reference.com/players/g/gardnbr01.shtml
253,Amir,Garrett,Amir Garrett,https://www.baseball-reference.com/players/g/garream01.shtml
254,Mitch,Garver,Mitch Garver,https://www.baseball-reference.com/players/g/garvemi01.shtml
255,Evan,Gattis,Evan Gattis,https://www.baseball-reference.com/players/g/gattiev01.shtml
256,Kevin,Gausman,Kevin Gausman,https://www.baseball-reference.com/players/g/gausmke01.shtml
257,Dillon,Gee,Dillon Gee,https://www.baseball-reference.com/players/g/geedi01.shtml
258,Scooter,Gennett,Scooter Gennett,https://www.baseball-reference.com/players/g/gennesc01.shtml
259,Domingo,German,Domingo German,https://www.baseball-reference.com/players/g/germado01.shtml
260,Kyle,Gibson,Kyle Gibson,https://www.baseball-reference.com/players/g/gibsoky01.shtml
261,Ken,Giles,Ken Giles,https://www.baseball-reference.com/players/g/gileske01.shtml
262,Andres,Gimenez,Andres Gimenez,https://www.baseball-reference.com/players/g/gimean01.shtml
263,Lucas,Giolito,Lucas Giolito,https://www.baseball-reference.com/players/g/giolilu01.shtml
264,Mychal,Givens,Mychal Givens,https://www.baseball-reference.com/players/g/givenmy01.shtml
265,Tyler,Glasnow,Tyler Glasnow,https://www.baseball-reference.com/players/g/glasnty01.shtml
266,Paul,Goldschmidt,Paul Goldschmidt,https://www.baseball-reference.com/players/g/goldspa01.shtml
267,Austin,Gomber,Austin Gomber,https://www.baseball-reference.com/players/g/gombeau01.shtml
268,Yan,Gomes,Yan Gomes,https://www.baseball-reference.com/players/g/gomesya01.shtml
269,Carlos,Gomez,Carlos Gomez,https://www.baseball-reference.com/players/g/gomezca01.shtml
270,Tony,Gonsolin,Tony Gonsolin,https://www.baseball-reference.com/players/g/gonsoto01.shtml
271,Marco,Gonzales,Marco Gonzales,https://www.baseball-reference.com/players/g/gonzama03.shtml
272,Adrian,Gonzalez,Adrian Gonzalez,https://www.baseball-reference.com/players/g/gonzaad01.shtml
273,Carlos,Gonzalez,Carlos Gonzalez,https://www.baseball-reference.com/players/g/gonzaca01.shtml
274,Gio,Gonzalez,Gio Gonzalez,https://www.baseball-reference.com/players/g/gonzagi01.shtml
275,Marwin,Gonzalez,Marwin Gonzalez,https://www.baseball-reference.com/players/g/gonzama02.shtml
276,Miguel,Gonzalez,Miguel Gonzalez,https://www.baseball-reference.com/players/g/gonzami03.shtml
277,Niko,Goodrum,Niko Goodrum,https://www.baseball-reference.com/players/g/goodrni01.shtml
278,Alex,Gordon,Alex Gordon,https://www.baseball-reference.com/players/g/gordoal01.shtml
279,Dee,Gordon,Dee Gordon,https://www.baseball-reference.com/players/g/gordode01.shtml
280,Yasmani,Grandal,Yasmani Grandal,https://www.baseball-reference.com/players/g/grandya01.shtml
281,Curtis,Granderson,Curtis Granderson,https://www.baseball-reference.com/players/g/grandcu01.shtml
282,Brusdar,Graterol,Brusdar Graterol,https://www.baseball-reference.com/players/g/gratebr01.shtml
283,Kendall,Graveman,Kendall Graveman,https://www.baseball-reference.com/players/g/graveke01.shtml
284,Jon,Gray,Jon Gray,https://www.baseball-reference.com/players/g/grayjo02.shtml
285,Josiah,Gray,Josiah Gray,https://www.baseball-reference.com/players/g/grayjo03.shtml
286,Sonny,Gray,Sonny Gray,https://www.baseball-reference.com/players/g/grayso01.shtml
287,Chad,Green,Chad Green,https://www.baseball-reference.com/players/g/greench04.shtml
288,Shane,Greene,Shane Greene,https://www.baseball-reference.com/players/g/greensh01.shtml
289,Luke,Gregerson,Luke Gregerson,https://www.baseball-reference.com/players/g/gregolu01.shtml
290,Didi,Gregorius,Didi Gregorius,https://www.baseball-reference.com/players/g/gregodi01.shtml
291,Zack,Greinke,Zack Greinke,https://www.baseball-reference.com/players/g/greinza01.shtml
292,Randal,Grichuk,Randal Grichuk,https://www.baseball-reference.com/players/g/grichra01.shtml
293,Jason,Grilli,Jason Grilli,https://www.baseball-reference.com/players/g/grillja01.shtml
294,Trent,Grisham,Trent Grisham,https://www.baseball-reference.com/players/g/grishtr01.shtml
295,Robbie,Grossman,Robbie Grossman,https://www.baseball-reference.com/players/g/grossro01.shtml
296,Robert,Gsellman,Robert Gsellman,https://www.baseball-reference.com/players/g/gsellro01.shtml
297,Vladimir,Guerrero Jr.,Vladimir Guerrero Jr.,https://www.baseball-reference.com/players/g/guerrvl02.shtml
298,Yuli,Gurriel,Yuli Gurriel,https://www.baseball-reference.com/players/g/gurryu01.shtml
299,Lourdes,Gurriel Jr.,Lourdes Gurriel Jr.,https://www.baseball-reference.com/players/g/gurrilo01.shtml
300,Jeremy,Guthrie,Jeremy Guthrie,https://www.baseball-reference.com/players/g/guthrje01.shtml
301,Eric,Haase,Eric Haase,https://www.baseball-reference.com/players/h/haaseer01.shtml
302,Josh,Hader,Josh Hader,https://www.baseball-reference.com/players/h/haderjo01.shtml
303,Roy,Halladay,Roy Halladay,https://www.baseball-reference.com/players/h/hallaro01.shtml
304,Cole,Hamels,Cole Hamels,https://www.baseball-reference.com/players/h/hamelco01.shtml
305,Billy,Hamilton,Billy Hamilton,https://www.baseball-reference.com/players/h/hamilbi01.shtml
306,Jason,Hammel,Jason Hammel,https://www.baseball-reference.com/players/h/hammeja01.shtml
307,Garrett,Hampson,Garrett Hampson,https://www.baseball-reference.com/players/h/hampaga01.shtml
308,Brad,Hand,Brad Hand,https://www.baseball-reference.com/players/h/handbr01.shtml
309,Mitch,Haniger,Mitch Haniger,https://www.baseball-reference.com/players/h/hanigmi01.shtml
310,Joel,Hanrahan,Joel Hanrahan,https://www.baseball-reference.com/players/h/hanrajo01.shtml
311,Ian,Happ,Ian Happ,https://www.baseball-reference.com/players/h/happia01.shtml
312,J.A.,Happ,J.A. Happ,https://www.baseball-reference.com/players/h/happja01.shtml
313,Dan,Haren,Dan Haren,https://www.baseball-reference.com/players/h/harenda01.shtml
314,Bryce,Harper,Bryce Harper,https://www.baseball-reference.com/players/h/harpebr03.shtml
315,Will,Harris,Will Harris,https://www.baseball-reference.com/players/h/harriwi02.shtml
316,Josh,Harrison,Josh Harrison,https://www.baseball-reference.com/players/h/harrijo05.shtml
317,Corey,Hart,Corey Hart,https://www.baseball-reference.com/players/h/hartco01.shtml
318,Matt,Harvey,Matt Harvey,https://www.baseball-reference.com/players/h/harvema01.shtml
319,Chris,Hatcher,Chris Hatcher,https://www.baseball-reference.com/players/h/hatchch01.shtml
320,Ke'Bryan,Hayes,Ke'Bryan Hayes,https://www.baseball-reference.com/players/h/hayeske01.shtml
321,Austin,Hays,Austin Hays,https://www.baseball-reference.com/players/h/haysau01.shtml
322,Chase,Headley,Chase Headley,https://www.baseball-reference.com/players/h/headlch01.shtml
323,Andrew,Heaney,Andrew Heaney,https://www.baseball-reference.com/players/h/heanean01.shtml
324,Austin,Hedges,Austin Hedges,https://www.baseball-reference.com/players/h/hedgeau01.shtml
325,Jonah,Heim,Jonah Heim,https://www.baseball-reference.com/players/h/heimjo01.shtml
326,Jeremy,Hellickson,Jeremy Hellickson,https://www.baseball-reference.com/players/h/hellije01.shtml
327,Ryan,Helsley,Ryan Helsley,https://www.baseball-reference.com/players/h/helsery01.shtml
328,Todd,Helton,Todd Helton,https://www.baseball-reference.com/players/h/heltoto01.shtml
329,Kyle,Hendricks,Kyle Hendricks,https://www.baseball-reference.com/players/h/hendrky01.shtml
330,Liam,Hendriks,Liam Hendriks,https://www.baseball-reference.com/players/h/hendrli01.shtml
331,Carlos,Hernandez,Carlos Hernandez,https://www.baseball-reference.com/players/h/hernaca04.shtml
332,Cesar,Hernandez,Cesar Hernandez,https://www.baseball-reference.com/players/h/hernace01.shtml
333,Enrique,Hernandez,Enrique Hernandez,https://www.baseball-reference.com/players/h/hernaki01.shtml
334,Felix,Hernandez,Felix Hernandez,https://www.baseball-reference.com/players/h/hernafe02.shtml
335,Roberto,Hernandez,Roberto Hernandez,https://www.baseball-reference.com/players/h/hernaro02.shtml
336,Teoscar,Hernandez,Teoscar Hernandez,https://www.baseball-reference.com/players/h/hernate02.shtml
337,Kelvin,Herrera,Kelvin Herrera,https://www.baseball-reference.com/players/h/herreke01.shtml
338,Codi,Heuer,Codi Heuer,https://www.baseball-reference.com/players/h/heueco01.shtml
339,Jason,Heyward,Jason Heyward,https://www.baseball-reference.com/players/h/heywaja01.shtml
340,Aaron,Hicks,Aaron Hicks,https://www.baseball-reference.com/players/h/hicksaa01.shtml
341,Jordan,Hicks,Jordan Hicks,https://www.baseball-reference.com/players/h/hicksjo03.shtml
342,Aaron,Hill,Aaron Hill,https://www.baseball-reference.com/players/h/hillaa01.shtml
343,Rich,Hill,Rich Hill,https://www.baseball-reference.com/players/h/hillri01.shtml
344,Sam,Hilliard,Sam Hilliard,https://www.baseball-reference.com/players/h/hillisa02.shtml
345,Keston,Hiura,Keston Hiura,https://www.baseball-reference.com/players/h/hiurake01.shtml
346,Derek,Holland,Derek Holland,https://www.baseball-reference.com/players/h/hollode01.shtml
347,Greg,Holland,Greg Holland,https://www.baseball-reference.com/players/h/hollagr01.shtml
348,Matt,Holliday,Matt Holliday,https://www.baseball-reference.com/players/h/hollima01.shtml
349,Clay,Holmes,Clay Holmes,https://www.baseball-reference.com/players/h/holmecl01.shtml
350,Rhys,Hoskins,Rhys Hoskins,https://www.baseball-reference.com/players/h/hoskirh01.shtml
351,Eric,Hosmer,Eric Hosmer,https://www.baseball-reference.com/players/h/hosmeer01.shtml
352,Tanner,Houck,Tanner Houck,https://www.baseball-reference.com/players/h/houcta01.shtml
353,Adrian,Houser,Adrian Houser,https://www.baseball-reference.com/players/h/housead01.shtml
354,Ryan,Howard,Ryan Howard,https://www.baseball-reference.com/players/h/howarry01.shtml
355,Spencer,Howard,Spencer Howard,https://www.baseball-reference.com/players/h/howarsp01.shtml
356,J.P.,Howell,J.P. Howell,https://www.baseball-reference.com/players/h/howeljp01.shtml
357,Dakota,Hudson,Dakota Hudson,https://www.baseball-reference.com/players/h/hudsoda01.shtml
358,Daniel,Hudson,Daniel Hudson,https://www.baseball-reference.com/players/h/hudsoda02.shtml
359,Tim,Hudson,Tim Hudson,https://www.baseball-reference.com/players/h/hudsoti01.shtml
360,Phil,Hughes,Phil Hughes,https://www.baseball-reference.com/players/h/hugheph01.shtml
361,Tommy,Hunter,Tommy Hunter,https://www.baseball-reference.com/players/h/hunteto02.shtml
362,Jose,Iglesias,Jose Iglesias,https://www.baseball-reference.com/players/i/iglesjo01.shtml
363,Raisel,Iglesias,Raisel Iglesias,https://www.baseball-reference.com/players/i/iglesra01.shtml
364,Ender,Inciarte,Ender Inciarte,https://www.baseball-reference.com/players/i/inciaen01.shtml
365,Jonathan,India,Jonathan India,https://www.baseball-reference.com/players/i/indiajo01.shtml
366,Hisashi,Iwakuma,Hisashi Iwakuma,https://www.baseball-reference.com/players/i/iwakuhi01.shtml
367,Luke,Jackson,Luke Jackson,https://www.baseball-reference.com/players/j/jackslu01.shtml
368,Danny,Jansen,Danny Jansen,https://www.baseball-reference.com/players/j/janseda01.shtml
369,Kenley,Jansen,Kenley Jansen,https://www.baseball-reference.com/players/j/janseke01.shtml
370,Casey,Janssen,Casey Janssen,https://www.baseball-reference.com/players/j/janseca01.shtml
371,Cristian,Javier,Cristian Javier,https://www.baseball-reference.com/players/j/javiercr01.shtml
372,Griffin,Jax,Griffin Jax,https://www.baseball-reference.com/players/j/jaxgr01.shtml
373,Jon,Jay,Jon Jay,https://www.baseball-reference.com/players/j/jayjo02.shtml
374,Derek,Jeter,Derek Jeter,https://www.baseball-reference.com/players/j/jeterda01.shtml
375,Eloy,Jimenez,Eloy Jimenez,https://www.baseball-reference.com/players/j/jiminel01.shtml
376,Ubaldo,Jimenez,Ubaldo Jimenez,https://www.baseball-reference.com/players/j/jimeub01.shtml
377,Jim,Johnson,Jim Johnson,https://www.baseball-reference.com/players/j/johnsji04.shtml
378,Adam,Jones,Adam Jones,https://www.baseball-reference.com/players/j/jonesad01.shtml
379,Aaron,Judge,Aaron Judge,https://www.baseball-reference.com/players/j/judgeaa01.shtml
380,Jakob,Junis,Jakob Junis,https://www.baseball-reference.com/players/j/junisja01.shtml
381,Tommy,Kahnle,Tommy Kahnle,https://www.baseball-reference.com/players/k/kahnlto01.shtml
382,James,Karinchak,James Karinchak,https://www.baseball-reference.com/players/k/karinja01.shtml
383,Scott,Kazmir,Scott Kazmir,https://www.baseball-reference.com/players/k/kazmsc01.shtml
384,Jarred,Kelenic,Jarred Kelenic,https://www.baseball-reference.com/players/k/kelenja01.shtml
385,Brad,Keller,Brad Keller,https://www.baseball-reference.com/players/k/kellebr01.shtml
386,Mitch,Keller,Mitch Keller,https://www.baseball-reference.com/players/k/kellemi02.shtml
387,Carson,Kelly,Carson Kelly,https://www.baseball-reference.com/players/k/kellyca02.shtml
388,Joe,Kelly,Joe Kelly,https://www.baseball-reference.com/players/k/kellyjo05.shtml
389,Merrill,Kelly,Merrill Kelly,https://www.baseball-reference.com/players/k/kellyme02.shtml
390,Matt,Kemp,Matt Kemp,https://www.baseball-reference.com/players/k/kempma01.shtml
391,Howie,Kendrick,Howie Kendrick,https://www.baseball-reference.com/players/k/kendrho01.shtml
392,Ian,Kennedy,Ian Kennedy,https://www.baseball-reference.com/players/k/kenneia01.shtml
393,Max,Kepler,Max Kepler,https://www.baseball-reference.com/players/k/keplema01.shtml
394,Clayton,Kershaw,Clayton Kershaw,https://www.baseball-reference.com/players/k/kershcl01.shtml
395,Dallas,Keuchel,Dallas Keuchel,https://www.baseball-reference.com/players/k/keuchda01.shtml
396,Kevin,Kiermaier,Kevin Kiermaier,https://www.baseball-reference.com/players/k/kierrke01.shtml
397,Yusei,Kikuchi,Yusei Kikuchi,https://www.baseball-reference.com/players/k/kikucyu01.shtml
398,Ha-Seong,Kim,Ha-Seong Kim,https://www.baseball-reference.com/players/k/kimha01.shtml
399,Craig,Kimbrel,Craig Kimbrel,https://www.baseball-reference.com/players/k/kimbrcr01.shtml
400,Isiah,Kiner-Falefa,Isiah Kiner-Falefa,https://www.baseball-reference.com/players/k/kineis01.shtml
401,Ian,Kinsler,Ian Kinsler,https://www.baseball-reference.com/players/k/kinslai01.shtml
402,Jason,Kipnis,Jason Kipnis,https://www.baseball-reference.com/players/k/kipnija01.shtml
403,Corey,Kluber,Corey Kluber,https://www.baseball-reference.com/players/k/klubeco01.shtml
404,Corey,Knebel,Corey Knebel,https://www.baseball-reference.com/players/k/knebeco01.shtml
405,Paul,Konerko,Paul Konerko,https://www.baseball-reference.com/players/k/konerpa01.shtml
406,Michael,Kopech,Michael Kopech,https://www.baseball-reference.com/players/k/kopecmi01.shtml
407,Chad,Kuhl,Chad Kuhl,https://www.baseball-reference.com/players/k/kuhlch01.shtml
408,Steven,Kwan,Steven Kwan,https://www.baseball-reference.com/players/k/kwanst01.shtml
409,Tommy,La Stella,Tommy La Stella,https://www.baseball-reference.com/players/l/lasteto01.shtml
410,John,Lackey,John Lackey,https://www.baseball-reference.com/players/l/lackyjo01.shtml
411,Jake,Lamb,Jake Lamb,https://www.baseball-reference.com/players/l/lambja01.shtml
412,Peter,Lambert,Peter Lambert,https://www.baseball-reference.com/players/l/lambepe01.shtml
413,Dinelson,Lamet,Dinelson Lamet,https://www.baseball-reference.com/players/l/lametdi01.shtml
414,Adam,LaRoche,Adam LaRoche,https://www.baseball-reference.com/players/l/larocad01.shtml
415,Mat,Latos,Mat Latos,https://www.baseball-reference.com/players/l/latosma01.shtml
416,Eric,Lauer,Eric Lauer,https://www.baseball-reference.com/players/l/lauerer01.shtml
417,Ramon,Laureano,Ramon Laureano,https://www.baseball-reference.com/players/l/laurera01.shtml
418,Brandon,League,Brandon League,https://www.baseball-reference.com/players/l/leagubr01.shtml
419,Mike,Leake,Mike Leake,https://www.baseball-reference.com/players/l/leakemi01.shtml
420,Wade,LeBlanc,Wade LeBlanc,https://www.baseball-reference.com/players/l/leblawa01.shtml
421,Sam,LeCure,Sam LeCure,https://www.baseball-reference.com/players/l/lecursa01.shtml
422,Cliff,Lee,Cliff Lee,https://www.baseball-reference.com/players/l/leecl02.shtml
423,DJ,LeMahieu,DJ LeMahieu,https://www.baseball-reference.com/players/l/lemahdj01.shtml
424,Jon,Lester,Jon Lester,https://www.baseball-reference.com/players/l/lestejo01.shtml
425,Colby,Lewis,Colby Lewis,https://www.baseball-reference.com/players/l/lewisco01.shtml
426,Kyle,Lewis,Kyle Lewis,https://www.baseball-reference.com/players/l/lewisky01.shtml
427,Tim,Lincecum,Tim Lincecum,https://www.baseball-reference.com/players/l/linceti01.shtml
428,Francisco,Lindor,Francisco Lindor,https://www.baseball-reference.com/players/l/lindofr01.shtml
429,Francisco,Liriano,Francisco Liriano,https://www.baseball-reference.com/players/l/liriafr01.shtml
430,Jonathan,Loaisiga,Jonathan Loaisiga,https://www.baseball-reference.com/players/l/loaisjo01.shtml
431,Jeff,Locke,Jeff Locke,https://www.baseball-reference.com/players/l/lockeje01.shtml
432,Kyle,Lohse,Kyle Lohse,https://www.baseball-reference.com/players/l/lohseky01.shtml
433,James,Loney,James Loney,https://www.baseball-reference.com/players/l/loneyja01.shtml
434,Evan,Longoria,Evan Longoria,https://www.baseball-reference.com/players/l/longoev01.shtml
435,Javier,Lopez,Javier Lopez,https://www.baseball-reference.com/players/l/lopezja01.shtml
436,Nicky,Lopez,Nicky Lopez,https://www.baseball-reference.com/players/l/lopezni01.shtml
437,Pablo,Lopez,Pablo Lopez,https://www.baseball-reference.com/players/l/lopezpa02.shtml
438,Reynaldo,Lopez,Reynaldo Lopez,https://www.baseball-reference.com/players/l/lopezre01.shtml
439,Brandon,Lowe,Brandon Lowe,https://www.baseball-reference.com/players/l/lowebr01.shtml
440,Nathaniel,Lowe,Nathaniel Lowe,https://www.baseball-reference.com/players/l/lowena01.shtml
441,Jed,Lowrie,Jed Lowrie,https://www.baseball-reference.com/players/l/lowrije01.shtml
442,Joey,Lucchesi,Joey Lucchesi,https://www.baseball-reference.com/players/l/lucchjo01.shtml
443,Jonathan,Lucroy,Jonathan Lucroy,https://www.baseball-reference.com/players/l/lucrojo01.shtml
444,Seth,Lugo,Seth Lugo,https://www.baseball-reference.com/players/l/lugose01.shtml
445,Gavin,Lux,Gavin Lux,https://www.baseball-reference.com/players/l/luxga01.shtml
446,Jesus,Luzardo,Jesus Luzardo,https://www.baseball-reference.com/players/l/luzarje01.shtml
447,Jordan,Lyles,Jordan Lyles,https://www.baseball-reference.com/players/l/lylesjo01.shtml
448,Lance,Lynn,Lance Lynn,https://www.baseball-reference.com/players/l/lynnla01.shtml
449,Manny,Machado,Manny Machado,https://www.baseball-reference.com/players/m/machama01.shtml
450,Ryan,Madson,Ryan Madson,https://www.baseball-reference.com/players/m/madsory01.shtml
451,Kenta,Maeda,Kenta Maeda,https://www.baseball-reference.com/players/m/maedake01.shtml
452,Tyler,Mahle,Tyler Mahle,https://www.baseball-reference.com/players/m/mahlety01.shtml
453,Martin,Maldonado,Martin Maldonado,https://www.baseball-reference.com/players/m/maldoma01.shtml
454,Sean,Manaea,Sean Manaea,https://www.baseball-reference.com/players/m/manaese01.shtml
455,Trey,Mancini,Trey Mancini,https://www.baseball-reference.com/players/m/mancitr01.shtml
456,Matt,Manning,Matt Manning,https://www.baseball-reference.com/players/m/mannima03.shtml
457,Joe,Mantiply,Joe Mantiply,https://www.baseball-reference.com/players/m/mantijo01.shtml
458,Shaun,Marcum,Shaun Marcum,https://www.baseball-reference.com/players/m/marcush01.shtml
459,Manuel,Margot,Manuel Margot,https://www.baseball-reference.com/players/m/margoma01.shtml
460,Nick,Markakis,Nick Markakis,https://www.baseball-reference.com/players/m/markani01.shtml
461,German,Marquez,German Marquez,https://www.baseball-reference.com/players/m/marquge01.shtml
462,Brandon,Marsh,Brandon Marsh,https://www.baseball-reference.com/players/m/marshbr02.shtml
463,Evan,Marshall,Evan Marshall,https://www.baseball-reference.com/players/m/marsev01.shtml
464,Ketel,Marte,Ketel Marte,https://www.baseball-reference.com/players/m/marteke01.shtml
465,Starling,Marte,Starling Marte,https://www.baseball-reference.com/players/m/martest01.shtml
466,Chris,Martin,Chris Martin,https://www.baseball-reference.com/players/m/martich03.shtml
467,Russell,Martin,Russell Martin,https://www.baseball-reference.com/players/m/martiru01.shtml
468,J.D.,Martinez,J.D. Martinez,https://www.baseball-reference.com/players/m/martijd02.shtml
469,Victor,Martinez,Victor Martinez,https://www.baseball-reference.com/players/m/martivi01.shtml
470,Justin,Masterson,Justin Masterson,https://www.baseball-reference.com/players/m/mastju01.shtml
471,Steven,Matz,Steven Matz,https://www.baseball-reference.com/players/m/matzst01.shtml
472,Tyler,Matzek,Tyler Matzek,https://www.baseball-reference.com/players/m/matzety01.shtml
473,Joe,Mauer,Joe Mauer,https://www.baseball-reference.com/players/m/mauerjo01.shtml
474,Brandon,Maurer,Brandon Maurer,https://www.baseball-reference.com/players/m/maurebr01.shtml
475,Dustin,May,Dustin May,https://www.baseball-reference.com/players/m/maydu01.shtml
476,Cameron,Maybin,Cameron Maybin,https://www.baseball-reference.com/players/m/maybica01.shtml
477,Nomar,Mazara,Nomar Mazara,https://www.baseball-reference.com/players/m/mazarno01.shtml
478,Brian,McCann,Brian McCann,https://www.baseball-reference.com/players/m/mccanbr01.shtml
479,James,McCann,James McCann,https://www.baseball-reference.com/players/m/mccanja02.shtml
480,Shane,McClanahan,Shane McClanahan,https://www.baseball-reference.com/players/m/mcclash01.shtml
481,Chas,McCormick,Chas McCormick,https://www.baseball-reference.com/players/m/mccorch01.shtml
482,Lance,McCullers Jr.,Lance McCullers Jr.,https://www.baseball-reference.com/players/m/mcculla01.shtml
483,Andrew,McCutchen,Andrew McCutchen,https://www.baseball-reference.com/players/m/mccutan01.shtml
484,Jake,McGee,Jake McGee,https://www.baseball-reference.com/players/m/mcgeeja01.shtml
485,Collin,McHugh,Collin McHugh,https://www.baseball-reference.com/players/m/mchugco01.shtml
486,Triston,McKenzie,Triston McKenzie,https://www.baseball-reference.com/players/m/mckentr01.shtml
487,Ryan,McMahon,Ryan McMahon,https://www.baseball-reference.com/players/m/mcmahry01.shtml
488,Jeff,McNeil,Jeff McNeil,https://www.baseball-reference.com/players/m/mcneije01.shtml
489,Austin,Meadows,Austin Meadows,https://www.baseball-reference.com/players/m/meadoau01.shtml
490,John,Means,John Means,https://www.baseball-reference.com/players/m/meansjo01.shtml
491,Francisco,Mejia,Francisco Mejia,https://www.baseball-reference.com/players/m/mejiafr01.shtml
492,Jenrry,Mejia,Jenrry Mejia,https://www.baseball-reference.com/players/m/mejiaje01.shtml
493,Mark,Melancon,Mark Melancon,https://www.baseball-reference.com/players/m/melanma01.shtml
494,Whit,Merrifield,Whit Merrifield,https://www.baseball-reference.com/players/m/merriwh01.shtml
495,Miles,Mikolas,Miles Mikolas,https://www.baseball-reference.com/players/m/mikolmi01.shtml
496,Wade,Miley,Wade Miley,https://www.baseball-reference.com/players/m/mileywa01.shtml
497,Andrew,Miller,Andrew Miller,https://www.baseball-reference.com/players/m/millean01.shtml
498,Owen,Miller,Owen Miller,https://www.baseball-reference.com/players/m/milleow01.shtml
499,Shelby,Miller,Shelby Miller,https://www.baseball-reference.com/players/m/millesh01.shtml
500,Alec,Mills,Alec Mills,https://www.baseball-reference.com/players/m/millsal02.shtml
501,Mike,Minor,Mike Minor,https://www.baseball-reference.com/players/m/minormi01.shtml
502,AJ,Minter,AJ Minter,https://www.baseball-reference.com/players/m/minteaj01.shtml
503,Casey,Mize,Casey Mize,https://www.baseball-reference.com/players/m/mizeca01.shtml
504,Yadier,Molina,Yadier Molina,https://www.baseball-reference.com/players/m/molinya01.shtml
505,Yoan,Moncada,Yoan Moncada,https://www.baseball-reference.com/players/m/moncayo01.shtml
506,Adalberto,Mondesi,Adalberto Mondesi,https://www.baseball-reference.com/players/m/mondead01.shtml
507,Frankie,Montas,Frankie Montas,https://www.baseball-reference.com/players/m/montafr01.shtml
508,Miguel,Montero,Miguel Montero,https://www.baseball-reference.com/players/m/montemi01.shtml
509,Rafael,Montero,Rafael Montero,https://www.baseball-reference.com/players/m/montera01.shtml
510,Jordan,Montgomery,Jordan Montgomery,https://www.baseball-reference.com/players/m/montgjo02.shtml
511,Kendrys,Morales,Kendrys Morales,https://www.baseball-reference.com/players/m/moralke01.shtml
512,Colin,Moran,Colin Moran,https://www.baseball-reference.com/players/m/moranco01.shtml
513,Mitch,Moreland,Mitch Moreland,https://www.baseball-reference.com/players/m/morelmi01.shtml
514,Eli,Morgan,Eli Morgan,https://www.baseball-reference.com/players/m/morgael01.shtml
515,Justin,Morneau,Justin Morneau,https://www.baseball-reference.com/players/m/morneju01.shtml
516,Logan,Morrison,Logan Morrison,https://www.baseball-reference.com/players/m/morrilo01.shtml
517,Charlie,Morton,Charlie Morton,https://www.baseball-reference.com/players/m/mortoch02.shtml
518,Jason,Motte,Jason Motte,https://www.baseball-reference.com/players/m/motteja01.shtml
519,Ryan,Mountcastle,Ryan Mountcastle,https://www.baseball-reference.com/players/m/mountry01.shtml
520,Mike,Moustakas,Mike Moustakas,https://www.baseball-reference.com/players/m/moustmi01.shtml
521,Cedric,Mullins,Cedric Mullins,https://www.baseball-reference.com/players/m/mullice01.shtml
522,Max,Muncy,Max Muncy,https://www.baseball-reference.com/players/m/muncyma01.shtml
523,Daniel,Murphy,Daniel Murphy,https://www.baseball-reference.com/players/m/murphda08.shtml
524,Sean,Murphy,Sean Murphy,https://www.baseball-reference.com/players/m/murphse01.shtml
525,Tom,Murphy,Tom Murphy,https://www.baseball-reference.com/players/m/murphto04.shtml
526,Joe,Musgrove,Joe Musgrove,https://www.baseball-reference.com/players/m/musgrjo01.shtml
527,Wil,Myers,Wil Myers,https://www.baseball-reference.com/players/m/myerswi01.shtml
528,Tyler,Naquin,Tyler Naquin,https://www.baseball-reference.com/players/n/naquity01.shtml
529,Omar,Narvaez,Omar Narvaez,https://www.baseball-reference.com/players/n/narvaom01.shtml
530,Joe,Nathan,Joe Nathan,https://www.baseball-reference.com/players/n/nathanjo01.shtml
531,Josh,Naylor,Josh Naylor,https://www.baseball-reference.com/players/n/naylojo01.shtml
532,Hector,Neris,Hector Neris,https://www.baseball-reference.com/players/n/nerihe01.shtml
533,Pat,Neshek,Pat Neshek,https://www.baseball-reference.com/players/n/neshpa01.shtml
534,Sean,Newcomb,Sean Newcomb,https://www.baseball-reference.com/players/n/newcose01.shtml
535,Jonathon,Niese,Jonathon Niese,https://www.baseball-reference.com/players/n/niesejo01.shtml
536,Brandon,Nimmo,Brandon Nimmo,https://www.baseball-reference.com/players/n/nimmobr01.shtml
537,Aaron,Nola,Aaron Nola,https://www.baseball-reference.com/players/n/nolaar01.shtml
538,Ricky,Nolasco,Ricky Nolasco,https://www.baseball-reference.com/players/n/nolari01.shtml
539,Bud,Norris,Bud Norris,https://www.baseball-reference.com/players/n/norribu01.shtml
540,Ivan,Nova,Ivan Nova,https://www.baseball-reference.com/players/n/novaiv01.shtml
541,Eduardo,Nunez,Eduardo Nunez,https://www.baseball-reference.com/players/n/nunezed01.shtml
542,Bailey,Ober,Bailey Ober,https://www.baseball-reference.com/players/o/oberba01.shtml
543,Scott,Oberg,Scott Oberg,https://www.baseball-reference.com/players/o/obergsc01.shtml
544,Darren,O'Day,Darren O'Day,https://www.baseball-reference.com/players/o/odayda01.shtml
545,Rougned,Odor,Rougned Odor,https://www.baseball-reference.com/players/o/odorro01.shtml
546,Jake,Odorizzi,Jake Odorizzi,https://www.baseball-reference.com/players/o/odorija01.shtml
547,Alexi,Ogando,Alexi Ogando,https://www.baseball-reference.com/players/o/ogandal01.shtml
548,Shohei,Ohtani,Shohei Ohtani,https://www.baseball-reference.com/players/o/ohtansh01.shtml
549,Matt,Olson,Matt Olson,https://www.baseball-reference.com/players/o/olsonma01.shtml
550,Tyler,O'Neill,Tyler O'Neill,https://www.baseball-reference.com/players/o/oneilty01.shtml
551,David,Ortiz,David Ortiz,https://www.baseball-reference.com/players/o/ortizda01.shtml
552,Roberto,Osuna,Roberto Osuna,https://www.baseball-reference.com/players/o/osunaro01.shtml
553,Adam,Ottavino,Adam Ottavino,https://www.baseball-reference.com/players/o/ottavad01.shtml
554,Chris,Owings,Chris Owings,https://www.baseball-reference.com/players/o/owingch01.shtml
555,Marcell,Ozuna,Marcell Ozuna,https://www.baseball-reference.com/players/o/ozunama01.shtml
556,Chris,Paddack,Chris Paddack,https://www.baseball-reference.com/players/p/paddach01.shtml
557,Angel,Pagan,Angel Pagan,https://www.baseball-reference.com/players/p/paganan01.shtml
558,Emilio,Pagan,Emilio Pagan,https://www.baseball-reference.com/players/p/paganem01.shtml
559,Joe,Panik,Joe Panik,https://www.baseball-reference.com/players/p/panikjo01.shtml
560,Jonathan,Papelbon,Jonathan Papelbon,https://www.baseball-reference.com/players/p/papeljo01.shtml
561,Jarrod,Parker,Jarrod Parker,https://www.baseball-reference.com/players/p/parkeja02.shtml
562,Bobby,Parnell,Bobby Parnell,https://www.baseball-reference.com/players/p/parnebo01.shtml
563,James,Paxton,James Paxton,https://www.baseball-reference.com/players/p/paxtoja01.shtml
564,Jake,Peavy,Jake Peavy,https://www.baseball-reference.com/players/p/peavyja01.shtml
565,Joc,Pederson,Joc Pederson,https://www.baseball-reference.com/players/p/pederjo01.shtml
566,Dustin,Pedroia,Dustin Pedroia,https://www.baseball-reference.com/players/p/pedrodu01.shtml
567,Hunter,Pence,Hunter Pence,https://www.baseball-reference.com/players/p/pencehu01.shtml
568,David,Peralta,David Peralta,https://www.baseball-reference.com/players/p/peralda02.shtml
569,Freddy,Peralta,Freddy Peralta,https://www.baseball-reference.com/players/p/peralfr01.shtml
570,Joel,Peralta,Joel Peralta,https://www.baseball-reference.com/players/p/peraljo01.shtml
571,Wandy,Peralta,Wandy Peralta,https://www.baseball-reference.com/players/p/peralwa01.shtml
572,Wily,Peralta,Wily Peralta,https://www.baseball-reference.com/players/p/peralwi01.shtml
573,Chris,Perez,Chris Perez,https://www.baseball-reference.com/players/p/perezch02.shtml
574,Martin,Perez,Martin Perez,https://www.baseball-reference.com/players/p/perezma02.shtml
575,Roberto,Perez,Roberto Perez,https://www.baseball-reference.com/players/p/perezro02.shtml
576,Salvador,Perez,Salvador Perez,https://www.baseball-reference.com/players/p/perezsa02.shtml
577,Glen,Perkins,Glen Perkins,https://www.baseball-reference.com/players/p/perkigl01.shtml
578,Andy,Pettitte,Andy Pettitte,https://www.baseball-reference.com/players/p/pettian01.shtml
579,Tommy,Pham,Tommy Pham,https://www.baseball-reference.com/players/p/phamth01.shtml
580,Brandon,Phillips,Brandon Phillips,https://www.baseball-reference.com/players/p/phillbr01.shtml
581,Brett,Phillips,Brett Phillips,https://www.baseball-reference.com/players/p/phillbr02.shtml
582,Kevin,Pillar,Kevin Pillar,https://www.baseball-reference.com/players/p/pillake01.shtml
583,Michael,Pineda,Michael Pineda,https://www.baseball-reference.com/players/p/pinedmi01.shtml
584,Nick,Pivetta,Nick Pivetta,https://www.baseball-reference.com/players/p/piveni01.shtml
585,Zach,Plesac,Zach Plesac,https://www.baseball-reference.com/players/p/plesaza01.shtml
586,Trevor,Plouffe,Trevor Plouffe,https://www.baseball-reference.com/players/p/plouftr01.shtml
587,Gregory,Polanco,Gregory Polanco,https://www.baseball-reference.com/players/p/polangr01.shtml
588,Jorge,Polanco,Jorge Polanco,https://www.baseball-reference.com/players/p/polacjo01.shtml
589,A.J.,Pollock,A.J. Pollock,https://www.baseball-reference.com/players/p/polloaj01.shtml
590,Rick,Porcello,Rick Porcello,https://www.baseball-reference.com/players/p/porceri01.shtml
591,Buster,Posey,Buster Posey,https://www.baseball-reference.com/players/p/poseybu01.shtml
592,Martin,Prado,Martin Prado,https://www.baseball-reference.com/players/p/pradoma01.shtml
593,Ryan,Pressly,Ryan Pressly,https://www.baseball-reference.com/players/p/pressry01.shtml
594,David,Price,David Price,https://www.baseball-reference.com/players/p/priceda01.shtml
595,Yasiel,Puig,Yasiel Puig,https://www.baseball-reference.com/players/p/puigya01.shtml
596,Albert,Pujols,Albert Pujols,https://www.baseball-reference.com/players/p/pujolal01.shtml
597,A.J.,Puk,A.J. Puk,https://www.baseball-reference.com/players/p/pukaj01.shtml
598,J.J.,Putz,J.J. Putz,https://www.baseball-reference.com/players/p/putzjj01.shtml
599,Cal,Quantrill,Cal Quantrill,https://www.baseball-reference.com/players/q/quantca01.shtml
600,Carlos,Quentin,Carlos Quentin,https://www.baseball-reference.com/players/q/quenca01.shtml
601,Jose,Quintana,Jose Quintana,https://www.baseball-reference.com/players/q/quintjo01.shtml
602,Tanner,Rainey,Tanner Rainey,https://www.baseball-reference.com/players/r/rainta01.shtml
603,Alexei,Ramirez,Alexei Ramirez,https://www.baseball-reference.com/players/r/ramiral03.shtml
604,Aramis,Ramirez,Aramis Ramirez,https://www.baseball-reference.com/players/r/ramiar01.shtml
605,Hanley,Ramirez,Hanley Ramirez,https://www.baseball-reference.com/players/r/ramirha01.shtml
606,Harold,Ramirez,Harold Ramirez,https://www.baseball-reference.com/players/r/ramiha01.shtml
607,Jose,Ramirez,Jose Ramirez,https://www.baseball-reference.com/players/r/ramirjo01.shtml
608,AJ,Ramos,AJ Ramos,https://www.baseball-reference.com/players/r/ramosaj01.shtml
609,Wilson,Ramos,Wilson Ramos,https://www.baseball-reference.com/players/r/ramoswi01.shtml
610,Drew,Rasmussen,Drew Rasmussen,https://www.baseball-reference.com/players/r/rasmdr01.shtml
611,Robbie,Ray,Robbie Ray,https://www.baseball-reference.com/players/r/rayro02.shtml
612,Colin,Rea,Colin Rea,https://www.baseball-reference.com/players/r/reaco01.shtml
613,J.T.,Realmuto,J.T. Realmuto,https://www.baseball-reference.com/players/r/realmjt01.shtml
614,Addison,Reed,Addison Reed,https://www.baseball-reference.com/players/r/reedad02.shtml
615,Anthony,Rendon,Anthony Rendon,https://www.baseball-reference.com/players/r/rendon01.shtml
616,Hunter,Renfroe,Hunter Renfroe,https://www.baseball-reference.com/players/r/renfrhu01.shtml
617,Ben,Revere,Ben Revere,https://www.baseball-reference.com/players/r/reverbe01.shtml
618,Alex,Reyes,Alex Reyes,https://www.baseball-reference.com/players/r/reyesal01.shtml
619,Franmil,Reyes,Franmil Reyes,https://www.baseball-reference.com/players/r/reyesfr01.shtml
620,Jose,Reyes,Jose Reyes,https://www.baseball-reference.com/players/r/reyesjo01.shtml
621,Bryan,Reynolds,Bryan Reynolds,https://www.baseball-reference.com/players/r/reynobr01.shtml
622,Trevor,Richards,Trevor Richards,https://www.baseball-reference.com/players/r/richatr01.shtml
623,Austin,Riley,Austin Riley,https://www.baseball-reference.com/players/r/rileyau01.shtml
624,Alex,Rios,Alex Rios,https://www.baseball-reference.com/players/r/riosal01.shtml
625,Mariano,Rivera,Mariano Rivera,https://www.baseball-reference.com/players/r/riverma01.shtml
626,Anthony,Rizzo,Anthony Rizzo,https://www.baseball-reference.com/players/r/rizzoan01.shtml
627,Tanner,Roark,Tanner Roark,https://www.baseball-reference.com/players/r/roarkta01.shtml
628,Luis,Robert,Luis Robert,https://www.baseball-reference.com/players/r/roberlu01.shtml
629,David,Robertson,David Robertson,https://www.baseball-reference.com/players/r/robenda02.shtml
630,Victor,Robles,Victor Robles,https://www.baseball-reference.com/players/r/roblevi01.shtml
631,Fernando,Rodney,Fernando Rodney,https://www.baseball-reference.com/players/r/rodnefe01.shtml
632,Carlos,Rodon,Carlos Rodon,https://www.baseball-reference.com/players/r/rodonca01.shtml
633,Alex,Rodriguez,Alex Rodriguez,https://www.baseball-reference.com/players/r/rodrial01.shtml
634,Eduardo,Rodriguez,Eduardo Rodriguez,https://www.baseball-reference.com/players/r/rodried04.shtml
635,Francisco,Rodriguez,Francisco Rodriguez,https://www.baseball-reference.com/players/r/rodrfr03.shtml
636,Ivan,Rodriguez,Ivan Rodriguez,https://www.baseball-reference.com/players/r/rodriiv01.shtml
637,Taylor,Rogers,Taylor Rogers,https://www.baseball-reference.com/players/r/rogerta02.shtml
638,Tyler,Rogers,Tyler Rogers,https://www.baseball-reference.com/players/r/rogerty01.shtml
639,Josh,Rojas,Josh Rojas,https://www.baseball-reference.com/players/r/rojasjo01.shtml
640,Miguel,Rojas,Miguel Rojas,https://www.baseball-reference.com/players/r/rojasmi01.shtml
641,Jimmy,Rollins,Jimmy Rollins,https://www.baseball-reference.com/players/r/rolliji01.shtml
642,Sergio,Romo,Sergio Romo,https://www.baseball-reference.com/players/r/romose01.shtml
643,Hector,Rondon,Hector Rondon,https://www.baseball-reference.com/players/r/rondohe01.shtml
644,Amed,Rosario,Amed Rosario,https://www.baseball-reference.com/players/r/rosaram01.shtml
645,Eddie,Rosario,Eddie Rosario,https://www.baseball-reference.com/players/r/rosared01.shtml
646,Trevor,Rosenthal,Trevor Rosenthal,https://www.baseball-reference.com/players/r/rosentr01.shtml
647,Tyson,Ross,Tyson Ross,https://www.baseball-reference.com/players/r/rossty01.shtml
648,Darin,Ruf,Darin Ruf,https://www.baseball-reference.com/players/r/rufda01.shtml
649,Carlos,Ruiz,Carlos Ruiz,https://www.baseball-reference.com/players/r/ruizca01.shtml
650,Chris,Rusin,Chris Rusin,https://www.baseball-reference.com/players/r/rusinch01.shtml
651,Addison,Russell,Addison Russell,https://www.baseball-reference.com/players/r/russead01.shtml
652,Joe,Ryan,Joe Ryan,https://www.baseball-reference.com/players/r/ryanjo02.shtml
653,Hyun-Jin,Ryu,Hyun-Jin Ryu,https://www.baseball-reference.com/players/r/ryuhy01.shtml
654,CC,Sabathia,CC Sabathia,https://www.baseball-reference.com/players/s/sabatcc01.shtml
655,Danny,Salazar,Danny Salazar,https://www.baseball-reference.com/players/s/salazda01.shtml
656,Chris,Sale,Chris Sale,https://www.baseball-reference.com/players/s/salech01.shtml
657,Jeff,Samardzija,Jeff Samardzija,https://www.baseball-reference.com/players/s/samarje01.shtml
658,Aaron,Sanchez,Aaron Sanchez,https://www.baseball-reference.com/players/s/sanchar01.shtml
659,Anibal,Sanchez,Anibal Sanchez,https://www.baseball-reference.com/players/s/sanchan01.shtml
660,Gary,Sanchez,Gary Sanchez,https://www.baseball-reference.com/players/s/sanchga02.shtml
661,Sixto,Sanchez,Sixto Sanchez,https://www.baseball-reference.com/players/s/sanchsi01.shtml
662,Yolmer,Sanchez,Yolmer Sanchez,https://www.baseball-reference.com/players/s/sanchyo01.shtml
663,Pablo,Sandoval,Pablo Sandoval,https://www.baseball-reference.com/players/s/sandopa01.shtml
664,Patrick,Sandoval,Patrick Sandoval,https://www.baseball-reference.com/players/s/sandopa02.shtml
665,Miguel,Sano,Miguel Sano,https://www.baseball-reference.com/players/s/sanomi01.shtml
666,Carlos,Santana,Carlos Santana,https://www.baseball-reference.com/players/s/santaca01.shtml
667,Ervin,Santana,Ervin Santana,https://www.baseball-reference.com/players/s/santaer01.shtml
668,Anthony,Santander,Anthony Santander,https://www.baseball-reference.com/players/s/santaan01.shtml
669,Max,Scherzer,Max Scherzer,https://www.baseball-reference.com/players/s/scherma01.shtml
670,Jonathan,Schoop,Jonathan Schoop,https://www.baseball-reference.com/players/s/schoojo01.shtml
671,Kyle,Schwarber,Kyle Schwarber,https://www.baseball-reference.com/players/s/schwaky01.shtml
672,Corey,Seager,Corey Seager,https://www.baseball-reference.com/players/s/seageco01.shtml
673,Kyle,Seager,Kyle Seager,https://www.baseball-reference.com/players/s/seageky01.shtml
674,Jean,Segura,Jean Segura,https://www.baseball-reference.com/players/s/segurje01.shtml
675,Marcus,Semien,Marcus Semien,https://www.baseball-reference.com/players/s/semima01.shtml
676,Antonio,Senzatela,Antonio Senzatela,https://www.baseball-reference.com/players/s/senzaan01.shtml
677,Luis,Severino,Luis Severino,https://www.baseball-reference.com/players/s/severlu01.shtml
678,Pedro,Severino,Pedro Severino,https://www.baseball-reference.com/players/s/severpe01.shtml
679,Bryan,Shaw,Bryan Shaw,https://www.baseball-reference.com/players/s/shawbr01.shtml
680,Travis,Shaw,Travis Shaw,https://www.baseball-reference.com/players/s/shawtr01.shtml
681,Gavin,Sheets,Gavin Sheets,https://www.baseball-reference.com/players/s/sheega01.shtml
682,James,Shields,James Shields,https://www.baseball-reference.com/players/s/shielja02.shtml
683,Kevin,Siegrist,Kevin Siegrist,https://www.baseball-reference.com/players/s/siegrke01.shtml
684,Andrelton,Simmons,Andrelton Simmons,https://www.baseball-reference.com/players/s/simmoan01.shtml
685,Lucas,Sims,Lucas Sims,https://www.baseball-reference.com/players/s/simslu01.shtml
686,Brady,Singer,Brady Singer,https://www.baseball-reference.com/players/s/singebr01.shtml
687,Tony,Sipp,Tony Sipp,https://www.baseball-reference.com/players/s/sippto01.shtml
688,Tarik,Skubal,Tarik Skubal,https://www.baseball-reference.com/players/s/skubata01.shtml
689,Austin,Slater,Austin Slater,https://www.baseball-reference.com/players/s/slateau01.shtml
690,Caleb,Smith,Caleb Smith,https://www.baseball-reference.com/players/s/smithca04.shtml
691,Dom,Smith,Dom Smith,https://www.baseball-reference.com/players/s/smithdo02.shtml
692,Joe,Smith,Joe Smith,https://www.baseball-reference.com/players/s/smithjo05.shtml
693,Pavin,Smith,Pavin Smith,https://www.baseball-reference.com/players/s/smithpa03.shtml
694,Will,Smith,Will Smith,https://www.baseball-reference.com/players/s/smithwi05.shtml
695,Justin,Smoak,Justin Smoak,https://www.baseball-reference.com/players/s/smoakju01.shtml
696,Drew,Smyly,Drew Smyly,https://www.baseball-reference.com/players/s/smylydr01.shtml
697,Blake,Snell,Blake Snell,https://www.baseball-reference.com/players/s/snellbl01.shtml
698,Nick,Solak,Nick Solak,https://www.baseball-reference.com/players/s/solakni01.shtml
699,Yangervis,Solarte,Yangervis Solarte,https://www.baseball-reference.com/players/s/solarya01.shtml
700,Jorge,Soler,Jorge Soler,https://www.baseball-reference.com/players/s/solerjo01.shtml
701,Joakim,Soria,Joakim Soria,https://www.baseball-reference.com/players/s/soriajo01.shtml
702,Rafael,Soriano,Rafael Soriano,https://www.baseball-reference.com/players/s/sorira01.shtml
703,Mike,Soroka,Mike Soroka,https://www.baseball-reference.com/players/s/sorokmi01.shtml
704,Gregory,Soto,Gregory Soto,https://www.baseball-reference.com/players/s/sotogr01.shtml
705,Juan,Soto,Juan Soto,https://www.baseball-reference.com/players/s/sotoju01.shtml
706,Denard,Span,Denard Span,https://www.baseball-reference.com/players/s/spande01.shtml
707,George,Springer,George Springer,https://www.baseball-reference.com/players/s/springe01.shtml
708,Jeffrey,Springs,Jeffrey Springs,https://www.baseball-reference.com/players/s/sprinje01.shtml
709,Jacob,Stallings,Jacob Stallings,https://www.baseball-reference.com/players/s/stallja01.shtml
710,Craig,Stammen,Craig Stammen,https://www.baseball-reference.com/players/s/stammcr01.shtml
711,Ryne,Stanek,Ryne Stanek,https://www.baseball-reference.com/players/s/stanery01.shtml
712,Giancarlo,Stanton,Giancarlo Stanton,https://www.baseball-reference.com/players/s/stantmi01.shtml
713,Tyler,Stephenson,Tyler Stephenson,https://www.baseball-reference.com/players/s/stepty01.shtml
714,Drew,Storen,Drew Storen,https://www.baseball-reference.com/players/s/storedr01.shtml
715,Trevor,Story,Trevor Story,https://www.baseball-reference.com/players/s/storytr01.shtml
716,Matthew,Strahm,Matthew Strahm,https://www.baseball-reference.com/players/s/strahma01.shtml
717,Dan,Straily,Dan Straily,https://www.baseball-reference.com/players/s/straida01.shtml
718,Stephen,Strasburg,Stephen Strasburg,https://www.baseball-reference.com/players/s/strasst01.shtml
719,Chris,Stratton,Chris Stratton,https://www.baseball-reference.com/players/s/stratch01.shtml
720,Myles,Straw,Myles Straw,https://www.baseball-reference.com/players/s/strawmy01.shtml
721,Huston,Street,Huston Street,https://www.baseball-reference.com/players/s/streehu01.shtml
722,Ross,Stripling,Ross Stripling,https://www.baseball-reference.com/players/s/stripro01.shtml
723,Marcus,Stroman,Marcus Stroman,https://www.baseball-reference.com/players/s/stroma01.shtml
724,Pedro,Strop,Pedro Strop,https://www.baseball-reference.com/players/s/stroped01.shtml
725,Drew,Stubbs,Drew Stubbs,https://www.baseball-reference.com/players/s/stubbdr01.shtml
726,Eugenio,Suarez,Eugenio Suarez,https://www.baseball-reference.com/players/s/suareeu01.shtml
727,Jose,Suarez,Jose Suarez,https://www.baseball-reference.com/players/s/suarejo03.shtml
728,Ranger,Suarez,Ranger Suarez,https://www.baseball-reference.com/players/s/suarera01.shtml
729,Kurt,Suzuki,Kurt Suzuki,https://www.baseball-reference.com/players/s/suzukku01.shtml
730,Dansby,Swanson,Dansby Swanson,https://www.baseball-reference.com/players/s/swansda01.shtml
731,Noah,Syndergaard,Noah Syndergaard,https://www.baseball-reference.com/players/s/syndeno01.shtml
732,Jameson,Taillon,Jameson Taillon,https://www.baseball-reference.com/players/t/taillja01.shtml
733,Masahiro,Tanaka,Masahiro Tanaka,https://www.baseball-reference.com/players/t/tanakma01.shtml
734,Fernando,Tatis Jr.,Fernando Tatis Jr.,https://www.baseball-reference.com/players/t/tatisfe01.shtml
735,Chris,Taylor,Chris Taylor,https://www.baseball-reference.com/players/t/tayloch03.shtml
736,Michael A.,Taylor,Michael A. Taylor,https://www.baseball-reference.com/players/t/taylomi02.shtml
737,Junichi,Tazawa,Junichi Tazawa,https://www.baseball-reference.com/players/t/tazawju01.shtml
738,Julio,Teheran,Julio Teheran,https://www.baseball-reference.com/players/t/teherju01.shtml
739,Mark,Teixeira,Mark Teixeira,https://www.baseball-reference.com/players/t/teixema01.shtml
740,Rowdy,Tellez,Rowdy Tellez,https://www.baseball-reference.com/players/t/tellero01.shtml
741,Dale,Thayer,Dale Thayer,https://www.baseball-reference.com/players/t/thayeda01.shtml
742,Caleb,Thielbar,Caleb Thielbar,https://www.baseball-reference.com/players/t/thielca01.shtml
743,Alek,Thomas,Alek Thomas,https://www.baseball-reference.com/players/t/thomaal03.shtml
744,Chris,Tillman,Chris Tillman,https://www.baseball-reference.com/players/t/tillmch01.shtml
745,Abraham,Toro,Abraham Toro,https://www.baseball-reference.com/players/t/toroab01.shtml
746,Gleyber,Torres,Gleyber Torres,https://www.baseball-reference.com/players/t/torregl01.shtml
747,Devon,Travis,Devon Travis,https://www.baseball-reference.com/players/t/travide01.shtml
748,Blake,Treinen,Blake Treinen,https://www.baseball-reference.com/players/t/treinbl01.shtml
749,Mike,Trout,Mike Trout,https://www.baseball-reference.com/players/t/troutmi01.shtml
750,Mark,Trumbo,Mark Trumbo,https://www.baseball-reference.com/players/t/trumbma01.shtml
751,Kyle,Tucker,Kyle Tucker,https://www.baseball-reference.com/players/t/tuckeky01.shtml
752,Troy,Tulowitzki,Troy Tulowitzki,https://www.baseball-reference.com/players/t/tulowtr01.shtml
753,Spencer,Turnbull,Spencer Turnbull,https://www.baseball-reference.com/players/t/turnbsp01.shtml
754,Justin,Turner,Justin Turner,https://www.baseball-reference.com/players/t/turneju01.shtml
755,Trea,Turner,Trea Turner,https://www.baseball-reference.com/players/t/turnetr01.shtml
756,Koji,Uehara,Koji Uehara,https://www.baseball-reference.com/players/u/ueharko01.shtml
757,Justin,Upton,Justin Upton,https://www.baseball-reference.com/players/u/uptonju01.shtml
758,Jose,Urena,Jose Urena,https://www.baseball-reference.com/players/u/urenajo01.shtml
759,Julio,Urias,Julio Urias,https://www.baseball-reference.com/players/u/uriasju01.shtml
760,Jose,Urquidy,Jose Urquidy,https://www.baseball-reference.com/players/u/urquijo01.shtml
761,Gio,Urshela,Gio Urshela,https://www.baseball-reference.com/players/u/urshegi01.shtml
762,Chase,Utley,Chase Utley,https://www.baseball-reference.com/players/u/utleych01.shtml
763,Framber,Valdez,Framber Valdez,https://www.baseball-reference.com/players/v/valdefr01.shtml
764,Jose,Valverde,Jose Valverde,https://www.baseball-reference.com/players/v/valvejo01.shtml
765,Jason,Vargas,Jason Vargas,https://www.baseball-reference.com/players/v/vargaja01.shtml
766,Daulton,Varsho,Daulton Varsho,https://www.baseball-reference.com/players/v/varshda01.shtml
767,Andrew,Vaughn,Andrew Vaughn,https://www.baseball-reference.com/players/v/vaughan01.shtml
768,Christian,Vazquez,Christian Vazquez,https://www.baseball-reference.com/players/v/vazquch01.shtml
769,Felipe,Vazquez,Felipe Vazquez,https://www.baseball-reference.com/players/v/vazqufe01.shtml
770,Vince,Velasquez,Vince Velasquez,https://www.baseball-reference.com/players/v/velasvi01.shtml
771,Will,Venable,Will Venable,https://www.baseball-reference.com/players/v/venabwi01.shtml
772,Yordano,Ventura,Yordano Ventura,https://www.baseball-reference.com/players/v/ventuyo01.shtml
773,Alex,Verdugo,Alex Verdugo,https://www.baseball-reference.com/players/v/verdual01.shtml
774,Justin,Verlander,Justin Verlander,https://www.baseball-reference.com/players/v/verlaju01.shtml
775,Dayan,Viciedo,Dayan Viciedo,https://www.baseball-reference.com/players/v/vicieda01.shtml
776,Shane,Victorino,Shane Victorino,https://www.baseball-reference.com/players/v/victosh01.shtml
777,Jonathan,Villar,Jonathan Villar,https://www.baseball-reference.com/players/v/villajo01.shtml
778,Nick,Vincent,Nick Vincent,https://www.baseball-reference.com/players/v/vinceni01.shtml
779,Ryan,Vogelsong,Ryan Vogelsong,https://www.baseball-reference.com/players/v/vogelry01.shtml
780,Luke,Voit,Luke Voit,https://www.baseball-reference.com/players/v/voitlu01.shtml
781,Edinson,Volquez,Edinson Volquez,https://www.baseball-reference.com/players/v/volqued01.shtml
782,Joey,Votto,Joey Votto,https://www.baseball-reference.com/players/v/vottojo01.shtml
783,Michael,Wacha,Michael Wacha,https://www.baseball-reference.com/players/w/wachami01.shtml
784,LaMonte,Wade Jr.,LaMonte Wade Jr.,https://www.baseball-reference.com/players/w/wadela01.shtml
785,Adam,Wainwright,Adam Wainwright,https://www.baseball-reference.com/players/w/wainwad01.shtml
786,Christian,Walker,Christian Walker,https://www.baseball-reference.com/players/w/walkech01.shtml
787,Neil,Walker,Neil Walker,https://www.baseball-reference.com/players/w/walkene01.shtml
788,Taijuan,Walker,Taijuan Walker,https://www.baseball-reference.com/players/w/walketa01.shtml
789,Taylor,Walls,Taylor Walls,https://www.baseball-reference.com/players/w/wallsta01.shtml
790,Jared,Walsh,Jared Walsh,https://www.baseball-reference.com/players/w/walshja02.shtml
791,Tony,Watson,Tony Watson,https://www.baseball-reference.com/players/w/watsoto02.shtml
792,Jered,Weaver,Jered Weaver,https://www.baseball-reference.com/players/w/weaveje02.shtml
793,Luke,Weaver,Luke Weaver,https://www.baseball-reference.com/players/w/weavelu01.shtml
794,Logan,Webb,Logan Webb,https://www.baseball-reference.com/players/w/webblo01.shtml
795,Joey,Wendle,Joey Wendle,https://www.baseball-reference.com/players/w/wendljo01.shtml
796,Jayson,Werth,Jayson Werth,https://www.baseball-reference.com/players/w/werthja01.shtml
797,Zack,Wheeler,Zack Wheeler,https://www.baseball-reference.com/players/w/wheelza01.shtml
798,Evan,White,Evan White,https://www.baseball-reference.com/players/w/whiteve01.shtml
799,Garrett,Whitlock,Garrett Whitlock,https://www.baseball-reference.com/players/w/whitlga01.shtml
800,Rowan,Wick,Rowan Wick,https://www.baseball-reference.com/players/w/wickro01.shtml
801,Matt,Wieters,Matt Wieters,https://www.baseball-reference.com/players/w/wietema01.shtml
802,Tom,Wilhelmsen,Tom Wilhelmsen,https://www.baseball-reference.com/players/w/wilheto01.shtml
803,Devin,Williams,Devin Williams,https://www.baseball-reference.com/players/w/willide05.shtml
804,Trevor,Williams,Trevor Williams,https://www.baseball-reference.com/players/w/willitr02.shtml
805,Josh,Willingham,Josh Willingham,https://www.baseball-reference.com/players/w/willijo03.shtml
806,Alex,Wilson,Alex Wilson,https://www.baseball-reference.com/players/w/wilsoal04.shtml
807,Brian,Wilson,Brian Wilson,https://www.baseball-reference.com/players/w/wilsobr01.shtml
808,C.J.,Wilson,C.J. Wilson,https://www.baseball-reference.com/players/w/wilsocj01.shtml
809,Justin,Wilson,Justin Wilson,https://www.baseball-reference.com/players/w/wilsoju05.shtml
810,Jesse,Winker,Jesse Winker,https://www.baseball-reference.com/players/w/winkeje01.shtml
811,Bobby,Witt Jr.,Bobby Witt Jr.,https://www.baseball-reference.com/players/w/wittbo02.shtml
812,Kolten,Wong,Kolten Wong,https://www.baseball-reference.com/players/w/wongko01.shtml
813,Alex,Wood,Alex Wood,https://www.baseball-reference.com/players/w/woodal02.shtml
814,Travis,Wood,Travis Wood,https://www.baseball-reference.com/players/w/woodtr01.shtml
815,Brandon,Woodruff,Brandon Woodruff,https://www.baseball-reference.com/players/w/woodrbr01.shtml
816,Brandon,Workman,Brandon Workman,https://www.baseball-reference.com/players/w/workmba01.shtml
817,David,Wright,David Wright,https://www.baseball-reference.com/players/w/wrighda03.shtml
818,Ryan,Yarbrough,Ryan Yarbrough,https://www.baseball-reference.com/players/y/yarbrry01.shtml
819,Mike,Yastrzemski,Mike Yastrzemski,https://www.baseball-reference.com/players/y/yastrmi01.shtml
820,Kirby,Yates,Kirby Yates,https://www.baseball-reference.com/players/y/yateski01.shtml
821,Christian,Yelich,Christian Yelich,https://www.baseball-reference.com/players/y/yeliccl01.shtml
822,Huascar,Ynoa,Huascar Ynoa,https://www.baseball-reference.com/players/y/ynoahu01.shtml
823,Brad,Ziegler,Brad Ziegler,https://www.baseball-reference.com/players/z/zieglbr01.shtml
824,Ryan,Zimmerman,Ryan Zimmerman,https://www.baseball-reference.com/players/z/zimmery01.shtml
825,Jordan,Zimmermann,Jordan Zimmermann,https://www.baseball-reference.com/players/z/zimmejo02.shtml
826,Barry,Zito,Barry Zito,https://www.baseball-reference.com/players/z/zitobar01.shtml
827,Ben,Zobrist,Ben Zobrist,https://www.baseball-reference.com/players/z/zobribe01.shtml
828,Mike,Zunino,Mike Zunino,https://www.baseball-reference.com/players/z/zunirmi01.shtml
